port_name,commodity,annual_volume_mt,typical_vessel_size_dwt,primary_destinations
Paradip,Iron Ore Pellets,18.5,80000,"China,Japan,South Korea"
Paradip,Thermal Coal,12.0,75000,"Bangladesh,Sri Lanka"
Paradip,Chrome Ore,2.8,50000,"China,Japan"
Paradip,Manganese Ore,1.5,45000,"China,Japan,South Korea"
Visakhapatnam,Finished Steel,6.2,45000,"Southeast Asia,Middle East,Europe"
Visakhapatnam,Iron Ore Fines,8.0,80000,"China,Japan"
Visakhapatnam,Alumina,2.5,55000,"China,Middle East"
Visakhapatnam,Zinc/Lead Concentrates,1.2,35000,"South Korea,China"
Gangavaram,Thermal Coal,4.5,120000,"Bangladesh,Vietnam"
Gangavaram,Iron Ore,6.0,100000,"China,Japan"
Gangavaram,Limestone,1.8,55000,"Bangladesh,Southeast Asia"
Krishnapatnam,Granite,3.5,40000,"Middle East,Europe,USA"
Krishnapatnam,Iron Ore,5.0,100000,"China"
Krishnapatnam,Cement,2.0,35000,"Sri Lanka,Maldives,East Africa"
Kolkata/Haldia,Jute Products,0.8,25000,"Europe,USA,Middle East"
Kolkata/Haldia,Rice,2.5,35000,"Bangladesh,Africa,Southeast Asia"
Kolkata/Haldia,Iron & Steel,1.5,40000,"Southeast Asia,Middle East"
Kamarajar (Ennore),Thermal Coal (re-export),3.0,60000,"Sri Lanka,Bangladesh"
Kamarajar (Ennore),Iron Ore Pellets,2.0,55000,"China,Japan"
Chennai,Automobiles/Auto Parts,1.8,30000,"Southeast Asia,Africa,Middle East"
Chennai,Containerized General Cargo,4.0,25000,"Worldwide"
Chennai,Granite,2.2,35000,"Europe,Middle East,USA"
