port_name,export_commodity,annual_export_volume_documented,typical_destination_region,source_confidence,notes
Paradip,Iron ore pellets,"18+ million tonnes/year (FY 2023-24, +69% YoY)","China, Japan, Southeast Asia",High - Ballast Markets / Port Authority data,"Paradip is India's largest single source of iron ore/pellet exports on the East Coast. Also handles limestone, chromite, manganese as secondary exports."
Paradip,Steel,Not separately quantified in public sources,"China, Southeast Asia, Middle East",Medium,"Paradip's hinterland (Odisha steel plants) feeds steel exports; treat as secondary/opportunistic backhaul, not primary."
Paradip,Aluminum,Not separately quantified in public sources,"Asia, general industrial markets",Medium,"Growing export category per port authority sources; volume not broken out publicly."
Visakhapatnam (Vizag),Iron ore concentrates and pellets,"~25 million tonnes/year (FY2024-25, dry bulk incl. coal)","China, Japan, South Korea",High - Port Authority / Grokipedia aggregated data,"Iron ore is Vizag's largest bulk export category alongside coal (which is mostly import, not export)."
Visakhapatnam (Vizag),Manganese ore,Not separately quantified; historically the port's founding export commodity,"Japan, Southeast Asia",Medium,"Port was originally built to export manganese ore; still a documented export category."
Visakhapatnam (Vizag),Granite stones,Not separately quantified in public sources,"Asia, Middle East",Medium,Listed explicitly as a Vizag export commodity in multiple sources.
Visakhapatnam (Vizag),Seafood/marine products,"48.89% of India's total marine product exports (FY2025-26)","Southeast Asia, global",High - Port Authority data,"Vizag dominates India's seafood export volume; relevant for smaller/reefer vessel backhaul, not bulk carriers."
Visakhapatnam (Vizag),Coffee and cashew nuts,Not separately quantified in public sources,"Global",Low,"Listed as export categories but likely low-volume relative to bulk cargo; not a strong bulk-vessel backhaul candidate."
Gangavaram,Iron ore,Not separately quantified in public sources,"China, Japan, Southeast Asia",Medium,"Gangavaram handles Super Capesize vessels (up to 200,000 DWT) - relevant if your optimization engine ever considers larger vessel classes for this port."
Gangavaram,Steel products,Not separately quantified in public sources,"Asia",Medium,"Direct conveyor connectivity to Vizag Steel Plant supports steel export volume, not publicly broken out."
Gangavaram,Alumina,Not separately quantified in public sources,"Asia",Low,Listed as a handled commodity but export vs. import share unclear from public sources.
Dhamra,Iron ore,"Turnaround/growth phase noted in FY2016-17 reporting; more recent granular export figures not found in this search","China, Southeast Asia",Medium,"Dhamra (Adani-operated) is primarily a COAL IMPORT gateway (for Adani's own power plants) with iron ore export as a secondary, smaller flow. Do not treat Dhamra as an iron-ore-first port the way Paradip/Vizag are."
Dhamra,Steel,Storage infrastructure documented (container/steel storage yard),"Asia",Low,Export volume not publicly quantified.
Haldia,Industrial/general export goods,Not separately quantified - Haldia is predominantly an IMPORT gateway,"Southeast Asia, Bangladesh (via inland waterway)",Medium,"Haldia's public data skews heavily toward imports (coking coal, thermal coal, crude, fertilizer raw materials). Treat Haldia as a WEAK backhaul candidate for bulk export matching - it is better modeled as a net importer."
Gopalpur,Not found in this search - requires dedicated follow-up research,,,Low - no data found,"No reliable public export-commodity breakdown was found for Gopalpur in this search. Do not fabricate a figure - flag this port as needing direct verification (port authority site or RTI-style data request) before including in the backhaul matcher."
Sagar-Sandheads,Not found in this search - requires dedicated follow-up research,,,Low - no data found,"Sagar/Sandheads functions primarily as a pilotage/anchorage point for vessels transiting to Haldia/Kolkata via the Hooghly River, not a standalone cargo-handling port with its own export profile. Confirm this distinction before treating it as a backhaul source port."